<?xml version="1.0" encoding="UTF-8"?>
<project-private xmlns="http://www.netbeans.org/ns/project-private/1">
    <editor-bookmarks xmlns="http://www.netbeans.org/ns/editor-bookmarks/2" lastBookmarkId="0"/>
    <open-files xmlns="http://www.netbeans.org/ns/projectui-open-files/2">
        <group>
            <file>file:/G:/My%20Drive/Facul/Disc%20%20POO/Trabalho%202/SpaceSaver/src/engine/SpaceSaver.java</file>
            <file>file:/G:/My%20Drive/Facul/Disc%20%20POO/Trabalho%202/SpaceSaver/src/screens/manual/ManualController.java</file>
            <file>file:/G:/My%20Drive/Facul/Disc%20%20POO/Trabalho%202/SpaceSaver/src/screens/game/GameController.java</file>
            <file>file:/G:/My%20Drive/Facul/Disc%20%20POO/Trabalho%202/SpaceSaver/src/engine/Partida.java</file>
            <file>file:/G:/My%20Drive/Facul/Disc%20%20POO/Trabalho%202/SpaceSaver/src/screens/initial/InitialController.java</file>
        </group>
    </open-files>
</project-private>
